variable,n,W,p,decision
mussels_collected,1419,0.7313535315808699,5.8995972676608545e-43,Reject H0
cpue_(no_per_hour),1405,0.781081364372285,8.815421479826261e-40,Reject H0
