,sum_sq,df,F,PR(>F)
C(month),2714496.975971357,11.0,3.452151621043258,9.187171995242908e-05
Residual,99576746.29454254,1393.0,,
