variable,n,mean,sd,min,max
mussels_collected,1419,4547.4707540521495,4496.565160931123,0.0,63100.0
cpue_(no_per_hour),1405,362.23508896797154,269.92037877202694,0.0,4206.67
